source,translation_clean,reference
"সফরের সময়সূচি অনুযায়ী, সিঙ্গাপুর এয়ারলাইন্সের একটি নিয়মিত ফ্লাইট রাষ্ট্রপতি ও তার সফরসঙ্গীদের নিয়ে হজরত শাহজালাল আন্তর্জাতিক বিমানবন্দর থেকে উড্ডয়ন করবে।","According to the tour schedule, a regular flight of Singapore Airlines will depart from Hazrat Shahjalal International Airport with the President and his entourage.","According to the schedule of the visit, a regular flight of Singapore Airlines carrying the President and his entourage members will take off from Hazrat Shahjalal International Airport."
"শহীদুল হক বলেন, বৈঠকে প্রধানমন্ত্রী উন্নয়নের কাঙ্ক্ষিত লক্ষ্য অর্জনে এই অঞ্চলে শান্তি ও স্থিতিশীলতার ওপর গুরুত্ব আরোপ করেন।","Shahidul Haque said, in the meeting, the Prime Minister emphasized the importance of peace and stability in this region to achieve the desired development goals.","Shahidul Haque said, in the meeting Prime Minister gave emphasis on peace and stability in the region to achieve the cherished goals of development."
নাশকতার মামলায় বিএনপির স্থায়ী কমিটির সদস্য ব্যারিস্টার মওদুদ আহমদ ও বিএনপির আইন বিষয়ক সম্পাদক অ্যাডভোকেট সানাউল্লাহ মিয়াকে আগাম জামিন দিয়েছেন হাইকোর্ট।,The High Court has granted anticipatory bail to BNP's standing committee member Barrister Moudud Ahmed and BNP's law affairs secretary Advocate Sanaullah Miah in a sabotage case.,The High Court has granted anticipatory bail to BNP standing committee member Moudud Ahmed and BNP's law affairs secretary advocate Sanaullah Mia in sabotage case.
তারা শেখ হাসিনার সুস্বাস্থ্য ও দীর্ঘায়ু কামনা করেন।,They wish good health and long life for Sheikh Hasina.,They wished Sheikh Hasina good health and long life.
"অর্থমন্ত্রী বলেন, বিশ্বব্যাংক আমাদের কখনো সাড়ে ৬ ভাগের বেশি প্রবৃদ্ধি হবে বলত না।","The Finance Minister said, the World Bank never said that we would have more than 6% growth.","The finance minister said, the World Bank never said that we would have growth more than 6.5 percent."
একই সঙ্গে সেখানে বসবাসরত বাংলাদেশিদের সতর্ক থাকতে বলা হয়েছে।,Bangladeshis living there have also been asked to be cautious.,"At the same time, Bangladeshis living there have been asked to remain alert."
হাসপাতালের উপপরিচালক লক্ষ্মী নারায়ণ এটি নিশ্চিত করেছেন।,"The hospital's deputy director, Lakshmi Narayan, has confirmed this.",Deputy Director of the hospital Dr Laxmi Narayan Majumder confirmed this.
বিশ্ব পর্যটন সংস্থায় বাংলাদেশের স্থায়ী প্রতিনিধি এবং রাষ্ট্রদূত হাসান মাহমুদ খন্দকার বিমানবন্দরে প্রধানমন্ত্রীকে স্বাগত জানাবেন।,"Bangladesh's Permanent Representative and Ambassador to the World Tourism Organization, Hassan Mahmud Khandaker, will welcome the Prime Minister at the airport.",Ambassador and Permanent Representative of Bangladesh to the World Tourism Organization Hassan Mahmood Khandker will receive the prime minister at the airport.
"কাউকে ক্যাসিনো ব্যবসা করতে দেয়া হবে না , স্বরাষ্ট্রমন্ত্রী","No one will be allowed to run casinos, Home Minister","Nobody will be allowed to run casino business, Home Minister"
প্রথম ও একমাত্র বাংলাদেশী মোবাইল ফোন উৎপাদনকারী প্রতিষ্ঠান হিসেবে ওয়ালটন এই অর্জন করেছে।,"As the first and only Bangladeshi mobile phone manufacturing company, Walton has achieved this.",Walton is the first and only Bangladeshi mobile phone manufacturing company to achieve the feat.
তাদের ঢাকা মেডিক্যাল কলেজ হাসপাতালে নেওয়া হয়েছে।,They have been taken to Dhaka Medical College Hospital.,They were taken to Dhaka Medical College Hospital.
এদের মধ্যে রাশেদ খান মেননকে বেসামরিক বিমান পরিবহন ও পর্যটন মন্ত্রণালয় থেকে বদলি করে সমাজকল্যাণ মন্ত্রণালয়ে দেওয়া হয়েছে।,"Among them, Rashid Khan Menon has been transferred from the Ministry of Civil Aviation and Tourism to the Ministry of Social Welfare.","Among them, Rashed Khan Menon has been transferred from the Ministry of Civil Aviation and Tourism to the Ministry of Social Welfare."
বিশ্ববিদ্যালয় মঞ্জুরি কমিশনের (ইউজিসি) নতুন চেয়ারম্যান হয়েছেন ঢাকা বিশ্ববিদ্যালয়ের ইতিহাস বিভাগের সংখ্যাতিরিক্ত অধ্যাপক ড. কাজী শহীদুল্লাহ।,"The new chairman of the University Grants Commission (UGC) is Dr. Kazi Shahidullah, an additional professor of the Department of History at the University of Dhaka.","Professor Dr Kazi Shahidullah, Supernumerary Professor of the Depatment of History of Dhaka University, has been appointed as new chairman of the University Grants Commission (UGC)."
বাংলাদেশী ভ্রমণকারীদের ভারতে যাওয়া-আসার বিধিনিষেধ অপসারণ,Restrictions on Bangladeshis traveling to and from India lifted,"Entry, exit restrictions to India for Bangladeshi travellers lifted"
"মেজর সিনহার হত্যাকান্ড যখন অবশেষে ক্ষমতাসীনদের নাড়িয়ে দিয়েছে, এটি সুস্পষ্ট যে সরকার তার নিরাপত্তা বাহিনীর মধ্যকার বিস্তৃত সমস্যা সমাধানের চেয়ে ঘটনাটি পাশ কাটিয়ে উঠতে বেশি আগ্রহী।","When the murder of Major Sinha finally shook the powers that be, it is clear that the government is more interested in sweeping the incident under the rug rather than addressing the broader issues within its security forces.","While Major Sinha's killing has finally turned the heads of those in power, it's clear the government is more interested in moving past the incident than addressing a pervasive problem within its security forces."
মার্চ মাসে করোনাভাইরাস লকডাউন কর্যকর হবার পর ঢাকার বেশিরভাগ এলাকায় বইয়ের দোকানগুলি বন্ধ হয়ে যায়।,"After the coronavirus lockdown came into effect in March, most bookstores in Dhaka were closed.",Most bookstores in Dhaka were closed when the Coronavirus lockdown was enforced in March.
অ্যামাজন বিডির কান্ট্রি ম্যানেজার শশাঙ্ক পান্ডে এবং ওয়ালটনের নির্বাহী পরিচালক ও কম্পিউটার পণ্য বিভাগের সিইও ইঞ্জিনিয়ার লিয়াকত আলী নিজ নিজ প্রতিষ্ঠানের পক্ষে চুক্তিতে সই করেন।,Amazon BD's Country Manager Shashank Pandey and Walton's Executive Director and CEO of Computer Products Division Engineer Liakat Ali signed the agreement on behalf of their respective organizations.,"Shashank Pandey, Country Manager of Amazon BD and Engineer Liakat Ali, Executive Director of Walton and CEO of Computer Products Division signed the agreement on behalf of their respective organizations."
"বঙ্গবন্ধুর দূরদর্শীপূর্ণ চিন্তা-ভাবনায় অনুপ্রাণিত হয়ে আমরা বিমসটেক, সার্ক, বিবিআইএন ও বিসিআইএমের মতো আঞ্চলিক সহযোগিতা অব্যাহত রেখেছি।","Inspired by the visionary thoughts of Bangabandhu, we have continued regional cooperation like BIMSTEC, SAARC, BBIN and BCIM.","Inspired by Bangabandhu's visionary ideas, we are continuing to champion regional cooperation like BIMSTEC, SAARC, BBIN, BCIM."
"তিনি বলেন, দ্বন্দ্বের কারণে এই সুবিধাটি অস্ত্র বিক্রেতাদের কাছে যায়।","He says, due to the conflict, this advantage goes to the arms sellers.","Due to conflicts, the benefit goes to the arms sellers, she said."
"এছাড়া, সমাজকল্যাণ মন্ত্রণালয়ের প্রতিমন্ত্রী শরীফ আহমেদকে গৃহায়ণ ও গণপূর্ত মন্ত্রণালয়ের প্রতিমন্ত্রী করা হয়েছে।","Besides, the state minister of the Ministry of Social Welfare, Sharif Ahmed has been made the state minister of the Ministry of Housing and Public Works.","Besides, State Minister for Social Welfare Sharif Ahmed was made state minister for Housing and Public Works Ministry."
আমাদের প্রতি বছর আট লাখ টন পেঁয়াজ আমাদের আমদানি করতে হয় যার ৯০ ভাগ আসে ভারত থেকে।,"We have to import eight lakh tons of onions every year, 90 percent of which comes from India.","We are to import eight lakh tonnes of onions every year, of which 90 per cent are imported from India."
আমরা সন্ত্রাসীদের চিহ্নিত করা মাত্রই তাদের বিরুদ্ধে ত্বরিত পদক্ষেপ নিচ্ছি।,We are identifying the terrorists and taking swift action against them.,We're taking prompt actions against the terrorists when they're identified.
"চীনের প্রধানমন্ত্রী বলেন, দুই দেশকে আলোচনার মাধ্যমে এই সমস্যার সমাধান বের করতে হবে।",The Prime Minister of China said that the two countries must find a solution to this problem through negotiations.,The Chinese premier said the two countries will have to find out a solution to this end through discussion.
"দ্বিতীয় প্রস্তাবে প্রধানমন্ত্রী বলেন, দ্রুত প্রবৃদ্ধির সময়ে সমাজে যেন বৈষম্য আরো বেড়ে না যায় তা আমাদের নিশ্চিত করতে হবে কারণ সম্পদ হতে হবে অন্তর্ভুক্তমূলক এবং তা তৃণমূল পর্যায় পর্যন্ত পৌঁছতে হবে।","In the second proposal, the Prime Minister said, during the time of rapid growth, we must ensure that inequality in society does not increase further because wealth must be inclusive and it must reach the grassroots level.","In the second idea, Sheikh Hasina said it must be ensured that inequality across societies could not widen in times of faster growth as wealth creation should be inclusive and must trickle down to the grassroot levels."
"তিনি বলেন, একটি টেকসই ব-দ্বীপ বাস্তবায়নে এটি একটি দীর্ঘ মেয়াদি পরিকল্পনা, নীতি এবং অঙ্গীকার ।","He said, implementing a sustainable island is a long-term plan, policy, and commitment.","It is a long-term strategy, policy and commitment to implement actions for sustainable delta, she said."
জাতীয় নেতাদের নিয়ে মিথ্যা বক্তব্য প্রচার করায় ৬ জন গ্রেপ্তার।,Six people arrested for spreading false statements about national leaders.,6 arrested for spreading false propaganda on national leaders.
"যে কারণে পাঠক এ বইয়ে গল্প, ভ্রমণ এবং তথ্য- তিনটিই পাবেন।","The reason why the reader will find stories, travel and information - all three in this book.","That is why readers, in this book, will find three things- stories, travels and information."
উদয় হাকিম ১৯৭৫ সালের ২৫ মার্চ টাঙ্গাইলের মির্জাপুর উপজেলার বর্ধনপাড়া গ্রামে জন্মগ্রহণ করেন।,"Uday Hakim was born on 25 March 1975 in Bardhanpara village of Mirzapur Upazila, Tangail.",Uday Hakim was born on 25 March in 1975 at Bordhonpara village under Mirzapur Upazila of Tangail District.
"কক্সবাজারের উন্নয়ন প্রসঙ্গে শেখ হাসিনা বলেন, সমুদ্র তীরবর্তী এই জেলা এক সময় খুবই অবহেলিত ছিল এবং এর জনগণ অমানবিক জীবনযাপন করত।","Regarding the development of Cox's Bazar, Sheikh Hasina said, this coastal district was once very neglected and its people lived in inhumane conditions.","While talking about the the development of Cox's Bazar, Sheikh Hasina said the coastal district was once very neglected and the people used to lead an inhuman life."
তথ্যের শ্রেণীবিন্যাস অকাট্য প্রয়োজনীয়তা হলেও এই ক্ষমতা কার হাতে নাগরিকদের সে বিষয়ে অবশ্যই সজাগ থাকতে হবে।,"Although classification of information is an indispensable necessity, citizens must be vigilant about whose hands this power is in.","Categorization of information is an irrefutable necessity, but citizens must remain vigilant in terms of who holds the power to do it."
প্রধানমন্ত্রী শেখ হাসিনা স্পেনের রাষ্ট্রপতি পেড্রো সানচেজের সঙ্গেও দ্বিপাক্ষিক বৈঠক করবেন।,Prime Minister Sheikh Hasina will also hold a bilateral meeting with Spanish President Pedro Sanchez.,Prime Minister Sheikh Hasina will also hold a bilateral meeting with Spanish President Pedro Sanchez.
"প্রধানমন্ত্রী বলেন, ""আমরা জোরপূর্বক বাস্তুচ্যুত রোহিঙ্গাদের প্রত্যাবাসনে মিয়ানমারের সঙ্গে আলোচনা চালিয়ে যাচ্ছি এবং এই বিষয়ে আন্তর্জাতিক সম্প্রদায়ের সহযোগিতা কামনা করেছি।""","The Prime Minister said, ""We are continuing discussions with Myanmar for the repatriation of forcibly displaced Rohingyas and have sought the cooperation of the international community in this regard.""","The Prime Minister said, ""We're holding talks with Myanmar for repatriation of the forcibly displaced Rohingyas and we also sought help of the international community to this end."""
"শেখ হাসিনা গত জাতীয় নির্বাচনের কথা উল্লেখ করে বলেন, ""গত সাধারণ নির্বাচনে সব শ্রেণি-পেশার মানুষ আমাদের সমর্থন দিয়েছে যা অতীতে কখনো দেখা যায়নি।""","Sheikh Hasina, referring to the last national election, said, ""In the last general election, people of all classes and professions supported us, which has never been seen before.""","Referring to the last general election, Sheikh Hasina said, ""People of all professions and classes immensely supported us in the last general election which was never seen in the past."""
আবেগময় হয়ে তিনি উচ্চারণ করেন 'রোহিঙ্গা' শব্দটি এবং সবার পক্ষ থেকে তাঁদের কাছে ক্ষমা প্রার্থনাও করেছেন।,He emotionally utters the word 'Rohingya' and also apologizes to them on behalf of everyone.,"Emotionally, he pronounced the word ""Rohingya"" and apologized to everyone."
এর আগে প্রধানমন্ত্রী শেখ হাসিনা বাংলাদেশ সময় সকাল ৯টা ৩৫ মিনিটে লন্ডনের পথে হযরত শাহজালাল আন্তর্জাতিক বিমানবন্দর ত্যাগ করেন।,"Earlier, Prime Minister Sheikh Hasina left Hazrat Shahjalal International Airport for London at 9:35 am Bangladesh time.","Earlier, Prime Minister Sheikh Hasina left Hazrat Shahjalal International Airport for London at 9:35 am Bangladesh time."
বিশ্বব্যাপী জলবায়ু পরিবর্তনের ইস্যুতে বাংলাদেশ এবং ফিনল্যান্ড একসঙ্গে কাজ করতে সম্মত হয়েছে।,Bangladesh and Finland have agreed to work together on the issue of global climate change.,Bangladesh and Finland have agreed to work together on the issue of worldwide climate change.
দেশের নদীগুলোকে রক্ষা করতে আমাদের অবশ্যই পদক্ষেপ নিতে হবে।,We must take steps to protect the rivers of the country.,We must take steps to protect the rivers of the country.
প্রধানমন্ত্রী শেখ হাসিনা আজ ভারতের ন্যাশনাল কংগ্রেস পার্টির সভাপতি সোনিয়া গান্ধীর সাথে কুশল বিনিময় করেছেন।,"Prime Minister Sheikh Hasina today exchanged greetings with Sonia Gandhi, President of India's National Congress Party.",Prime Minister Sheikh Hasina today exchanged pleasantries with Indian National Congress Party President Sonia Gandhi.
"প্রধানমন্ত্রী বলেন, পুরো ২০১৮ এবং ২০১৯ সাল জুড়েই জলবায়ু পরিবর্তন বিশ্বব্যাপী জনস্বাস্থ্য এবং জীবনযাত্রার ক্ষতি সাধন করেছিল।","The Prime Minister said, throughout 2018 and 2019, climate change caused damage to global public health and livelihoods.","The prime minister said throughout 2018 and 2019, climate change wrecked havoc on people's health and livelihood around the globe."
যা গত বছরের একই সময়ের চেয়ে ২ দশমিক ১৮ শতাংশ বেশি।,Which is 2.18 percent higher than the same time last year.,Which is 2.8 per cent more than the same period of last year.
"কিন্তু তার সরকার এখন হতাশাগ্রস্ত পুরুষ, মহিলা এবং বাচ্চাদের ভাষানচরে ধরে রেখেছে।","But his government is now holding incommunicado desperate men, women and children.","But her government is now holding desperate men, women, and children on Bhasan Char."
"ইতো শেখ হাসিনাকে বলেন যে, জাপানের প্রধানমন্ত্রী শিনজো অ্যাবে তাঁর গতিশীল নেতৃত্বের ভূয়শী প্রশংসা করেছেন এবং তিনি (অ্যাবে) দুই দেশের মধ্যে উন্নয়ন সহযোগিতা আরো শক্তিশালী করতে অপেক্ষমান রয়েছেন।",Sheikh Hasina was told that Japanese Prime Minister Shinzo Abe highly praised her dynamic leadership and he (Abe) is waiting to further strengthen the development cooperation between the two countries.,Ito told Sheikh Hasina that Japanese Prime Minister Shinzo Abe lauded her dynamic leadership and he (Abe) is looking forward to further strengthening the development assistance between the two countries.
আন্তর্জাতিক সম্প্রদায় দ্রুত পদক্ষেপ নেবে বলে আমরা মনে করি।,We believe the international community will take swift action.,We believe that the international community will take a prompt action very soon.
"পররাষ্ট্র সচিব উল্লেখ করেন যে, প্রধানমন্ত্রী আরও বলেছেন, বাংলাদেশের ১০টি পণ্যের কোটা ও শুল্ক মুক্ত প্রবেশাধিকারের বিষয়টি নিয়ে শিগগিরই আলোচনা অনুষ্ঠিত হবে।",The Foreign Secretary mentioned that the Prime Minister also said that discussions will be held soon on the issue of quota and duty-free access of 10 products of Bangladesh.,The foreign secretary noted that the Prime Minister also said the issue of discussion on duty free and quota free access of 10 Bangladeshi products will take place soon.
ভোটে দলের নিরঙ্কুশ বিজয়ে মোদিকে শেখ হাসিনার অভিনন্দন,Sheikh Hasina congratulates Modi on party's landslide victory in polls,Hasina congratulates Modi on his party's landslide poll victory
"শেখ হাসিনা তার সম্মানে বাংলাদেশি কমিউনিটির দেওয়া একটি সংবর্ধনা অনুষ্ঠানে যোগদান করবেন, হোলি আর্টিজানে হামলায় ক্ষতিগ্রস্ত জাপানিদের পরিবারের সদস্যদের সঙ্গে সাক্ষাৎ করবেন এবং জাপানি ব্যবসায়ী নেতাদের সঙ্গে বৈঠক করবেন।","Sheikh Hasina will attend a reception program given by the Bangladeshi community in her honor, meet with family members of the Japanese victims of the Holy Artisan attack, and hold a meeting with Japanese business leaders.","Sheikh Hasina will join a Bangladeshi community reception event to be hosted in her honour, meet with family members of the Japanese victims of the Holey Artisan attack and Japanese business leaders."
শুক্রবার দুপুরে খুলনা শহরের শিরোমনি তেঁতুলতলা এলাকায় এই দুর্ঘটনা ঘটে।,The accident occurred in Shiramani Tetultala area of Khulna city on Friday afternoon.,The accident took place at Shiromini Tetultola area of Khulna city on Friday noon.
"আমাদের রাজনীতি, অর্থনীতি ও সমাজের জন্য এ ধরনের সহযোগিতাপূর্ণ সংস্কৃতি প্রয়োজন।","We need this kind of collaborative culture for our politics, economy and society.","Such collaborative culture is essential across our politics, economy and society."
"ট্রানজিটের বিষয়ে তিনি বলেন, এই অঞ্চলে বাংলাদেশ-ভুটান-ভারত-নেপাল (বিবিআইএন) সড়ক এবং রেল যোগাযোগের বিষয়টি একটি বড় উদ্যোগ।","Regarding transit, he said that the issue of Bangladesh-Bhutan-India-Nepal (BBIN) road and rail connectivity in this region is a major initiative.","In the matter of transit, he said, the Bangladesh-Bhutan-India-Nepal (BBIN) road and rail connectivity is a big initiative in the region."
৩ জুন রাত ১টা ১০ মিনিটে তিনি ফিনল্যান্ডের হেলসিংকির উদ্দেশে জেদ্দা ত্যাগ করবেন।,"On June 3 at 1:10 am, he will leave Jeddah for Helsinki, Finland.","On June 3 at 1:10 am, she will depart Jeddah for Helsinki, Finland."
আমরা প্রধানমন্ত্রী শেখ হাসিনার হাতকে শক্তিশালী করতে কাজ করে যাবো।,We will work to strengthen the hands of Prime Minister Sheikh Hasina.,We will work to strengthen hands of Prime Minister Sheikh Hasina.
বাংলাদেশের প্রযুক্তিগত উৎকর্ষতা এখন বিশ্বের বিভিন্ন দেশের জন্য একটা নজির।,Bangladesh's technological excellence is now a model for various countries around the world.,The technological excellence of Bangladesh is now an example for other countries in the world.
ওয়ালটনের সঙ্গে ব্যবসায়িক সম্পর্ক তৈরিতে খুব শিগগিরই আবার বাংলাদেশ সফর করবেন বলে জানান কম্বোডিয়ার প্রতিমন্ত্রী।,Cambodia's minister informed that he will visit Bangladesh again very soon to establish business relations with Walton.,The Cambodian minister said he would tour Bangladesh again soon to build business relations with Walton.
যুক্তরাজ্যে সরকারি সফরে বুধবার সকালে লন্ডনের উদ্দেশে ঢাকা ত্যাগ করেছেন প্রধানমন্ত্রী শেখ হাসিনা।।,Prime Minister Sheikh Hasina left Dhaka for London on Wednesday morning on an official visit to the United Kingdom.,Prime Minister Sheikh Hasina left Dhaka for London Wednesday morning on an official visit to the United Kingdom.
আওয়ামী লীগের নেতৃত্বে গত কয়েক বছরে অর্থনৈতিক ক্ষেত্রে বাংলাদেশ অনেক এগিয়ে গেছে।,"Under the leadership of Awami League, Bangladesh has made significant progress in the economic sector over the past few years.",Bangladesh has stepped forward in economic sector in last couple of years under the leadership of Awami League.
২০১৯ সালের মধ্যে পদ্মা সেতু প্রকল্প সম্পন্ন হওয়ার কথা।,The Padma Bridge project was supposed to be completed by 2019.,The Padma Bridge project is scheduled to end by 2019.
প্রধানমন্ত্রী এসময় যাদের জমি-জমা নিয়ে উন্নয়ন প্রকল্প বাস্তবায়ন করা হচ্ছে তাদেরকে সঠিকভাবে ক্ষতিপূরণ প্রদানের বিষয়ে লক্ষ্য রাখার জন্য সংশ্লিষ্ট কর্তৃপক্ষকে নির্দেশ দেন।,The Prime Minister at this time instructs the concerned authorities to pay attention to providing proper compensation to those whose land is being used to implement development projects.,"At that time, the prime minister instructed the authorities concerned to give proper compensation to the people whose lands are acquired for development."
বাংলাদেশ থেকে রোহিঙ্গাদের ফিরিয়ে নিতে মিয়ানমারের সরকারকে সম্মত করতে বেইজিং চেষ্টা করবে বলে ঢাকাকে আশ্বস্ত করেছে।,Beijing has assured Dhaka that it will try to persuade the Myanmar government to take back the Rohingya from Bangladesh.,Beijing assured Dhaka that it would try to persuade Myanmar Goverment for taking back Rohingyas from Bangladesh.
বইটিতে আমি ভ্রমণের অভিজ্ঞতা তুলে ধরার পাশাপাশি জায়গাটি সম্পর্কে গুরুত্বপূর্ণ তথ্য তুলে ধরার চেষ্টা করেছি।,"In the book, I have tried to capture my travel experiences as well as provide important information about the place.","In the book, I have tried to highlight the experience of visiting there as well as important information about the place."
"রাজনৈতিক এবং সাংস্কৃতিক সম্পর্কও সুন্দর অবস্থানে রয়েছে, তিনি বলেন।","The political and cultural relations are also in a beautiful state, he says.","Political and cultural relations remain at good level, he said."
এ ব্যবসা এ দেশে হতে দেয়া হবে না।,This business will not be allowed in this country.,The business will not be allowed to run in the country.
রোহিঙ্গা ইস্যুতে অক্টোবরে বাংলাদেশে আসছে মিয়ানমারের প্রতিনিধিদল,Myanmar delegation to visit Bangladesh in October over Rohingya issue,Myanmar delegation coming to Bangladesh in October on Rohingya issue
"আওয়ামী লীগ ব্যবসায়ী সমাজের পাশাপাশি কৃষক, শ্রমিক, ছাত্র এবং শিক্ষকসহ সব পেশার মানুষের কাছ থেকে ব্যাপক সমর্থন পেয়েছে বলে তিনি উল্লেখ করেন।","He mentioned that Awami League has received extensive support from people of all professions including farmers, workers, students and teachers, alongside the business community.","Awami League got huge supports from the business community as well as from the professionals such as farmers, labourers, students and teachers, she mentioned."
এর আগে গত বছরের জুলাই মাসে লন্ডনে ৭৫ বছর বয়সি প্রেসিডেন্ট তার স্বাস্থ্য পরীক্ষা করিয়েছিলেন।,"Earlier, in July last year, the 75-year-old President had a health checkup in London.","Earlier, the 75-year-old President Hamid conducted his health check-up in London in July last year."
"ডেল্টা পরিকল্পনা ২১০০ এর স্টেক হোল্ডারদের সঙ্গে ঘনিষ্ঠভাবে কাজ করা জিসিএ বাংলাদেশ, এটির সফল বাস্তবায়ন নিশ্চিত করার জন্য আন্তর্জাতিক সেরা চর্চা কাজে লাগাতে এবং অর্থ সংস্থান করতে কাজ করবে বলেও তিনি আশা প্রকাশ করেন।","GCA Bangladesh will work closely with the stakeholders of the Delta Plan 2100 to ensure its successful implementation by applying international best practices and securing funding, he also expressed hope.","Working closely with the stakeholders of Delta Plan 2100, GCA Bangladesh, she hoped, would work to harness international best practices and finance to ensure its successful implementation."
প্রধানমন্ত্রী শেখ হাসিনাকে ফোনে পবিত্র রমজানের শুভেচ্ছা জানিয়েছেন ফিলিস্তিনের প্রেসিডেন্ট মাহমুদ আব্বাস।,Palestinian President Mahmoud Abbas has extended his greetings to Prime Minister Sheikh Hasina over the phone on the occasion of the holy month of Ramadan.,Palestinian President Mahmoud Abbas called Prime Minister Sheikh Hasina and extended holy Ramadan greetings to her.
বৃত্তাকার সড়ক ও নৌপথ চালুর ফলে মানুষ ও পণ্য পরিবহন সহজতর হবে।,The introduction of circular roads and waterways will make it easier to transport people and goods.,"With the introduction of circular road and river route, transportation of people and goods would be easier."
বাংলাদেশ বিনিয়োগবান্ধব উদার গণতান্ত্রিক রাষ্ট্র বলে জানিয়েছেন বাংলাদেশ বিনিয়োগ উন্নয়ন কর্তৃপক্ষের (বিডা) নির্বাহী চেয়ারম্যান কাজী মোঃ আমিনুল ইসলাম।,"Bangladesh is an investment-friendly liberal democratic state, said Kazi M Aminul Islam, Executive Chairman of the Bangladesh Investment Development Authority (BIDA).",Executive Chairman of Bangladesh Investment Development Authority (BIDA) Kazi Md. Aminul Islam regarded Bangladesh as the investment-friendly liberal democratic state.
"উনি অনেক জানতেন, তবুও তিনি শিখতেন এবং শিখতে ভালোবাসতেন।","He knew a lot, yet he learned and loved to learn.","He knew a lot, but he used to learn and loved to learn."
বাবা দিবস উপলক্ষে বিশেষ ডুডল তৈরি করেছে গুগল।,Google has created a special doodle on the occasion of Father's Day.,Google has created a speical doodle on the occasion of Father's Day.
বুধবার হবিগঞ্জে এক সম্মেলনে আওয়ামী লীগের সাধারণ সম্পাদক এ মন্তব্য করেন।,The Awami League general secretary made the remarks at a conference in Habiganj on Wednesday.,The Awami League general secretary made the opinion at a conference at Habiganj on Wednesday.
শুক্রবার রাজধানীর বঙ্গবন্ধু অ্যাভিনিউয়ে দলীয় প্রধান কার্যালয়ে আয়োজিত আওয়ামী লীগের কেন্দ্রীয় নির্বাহী কমিটি ও উপদেষ্টামণ্ডলীর এক যৌথ সভায় এ কথা বলেন প্রধানমন্ত্রী।,The Prime Minister said this at a joint meeting of the Awami League's Central Executive Committee and Advisory Council held at the party's central office on Bangabandhu Avenue in the capital on Friday.,The premier was said this in a joint meeting of the Awami League's central executive committee and advisory council at its head office at Bangabandhu Avenue in the capital on Friday.
"আফ্রিকাতে বিশেষভাবে রাজনীতি বিক্ষুব্ধ সময়ে ভুল এবং বানোয়াট তথ্য প্রচারণা প্রায়শই অনলাইনে চাউর হয়ে ওঠার সময়গুলোতে মার্কিন যুক্তরাষ্ট্র-ভিত্তিক প্রযুক্তি এবং সামাজিক গণ যোগাযোগাযোগ মাধ্যমের সংস্থাগুলি ""সত্য"" নির্ধারক হয়ে ওঠে।","In Africa, especially during times of political turmoil, false and fabricated information often spreads rapidly online, and US-based technology and social media companies become the ""truth"" arbiters.","In Africa, where mis- and disinformation campaigns often go viral online, especially during politically charged periods, US-based tech and social media companies become arbiters of the ""truth."""
বুধবার মধ্যরাতে টঙ্গী ব্রিজ এলাকায় র‌্যাবের সঙ্গে 'বন্দুকযুদ্ধে' দুই সন্দেহভাজন ডাকাত নিহত হয়েছেন।,"On Wednesday midnight, two suspected robbers were killed in a 'gunfight' with RAB in the Tongi Bridge area.",Two suspected robbers were killed in a 'gunfight' with RAB in Tongi bridge area on Wednesday midnight.
বাংলাদেশ ও ভিয়েতনাম বাণিজ্য ও সংস্কৃতিসহ বিভিন্ন খাতে অভিজ্ঞতা বিনিময় করতে পারে,Bangladesh and Vietnam can exchange experiences in various sectors including trade and culture.,Bangladesh and Vietnam can share their experiences in different fields including trade and culture.
গেল বছর জুড়ে রোহিঙ্গা ইস্যু নিয়ে সরকার সরব ছিল ।,The government was vocal about the Rohingya issue throughout last year.,The government was active over Rohingya issue in last year.
জাতির জনক বঙ্গবন্ধু শেখ মুজিবুর রহমানের প্রতিকৃতিতে শ্রদ্ধা নিবেদনের মাধ্যমে তাদের নতুন যাত্রা শুরু হয়।,Their new journey begins with paying homage to the portrait of the Father of the Nation Bangabandhu Sheikh Mujibur Rahman.,Their new journey began through paying tributes to Father of the Nation Bangabandhu Sheikh Mujibur Rahman's portrait.
"তিনি বলেন, আমি এই বর্বরোচিত ঘটনার তীব্র নিন্দা জানাই।","He said, ""I strongly condemn this barbaric incident.""","We strongly condemn the barbaric incident, she said."
শেখ হাসিনা জাপানের প্রধানমন্ত্রীর অফিসে পৌঁছলে সেখানে তাকে গার্ড অব অনার প্রদান করা হবে।,"When Sheikh Hasina arrives at the office of the Prime Minister of Japan, she will be given a guard of honor there.",Sheikh Hasina will be given a guard of honour when she will reach the Japanese Prime Minister's Office.
"অপর্যাপ্ত চিকিৎসা সুবিধা, চলাচলের স্বাধীনতায় সীমাবদ্ধতা, জীবিকার সুযোগের অভাব এবং বর্ষা মৌসুমে সুরক্ষা সম্পর্কে ভয়।","Inadequate medical facilities, restrictions on freedom of movement, lack of livelihood opportunities, and fear of safety during the monsoon season.","Inadequate medical facilities, restrictions on freedom of movement, lack of opportunities for livelihoods, and fears about safety during monsoon season."
আইনী প্রক্রিয়া অনুযায়ী এসব পদ তিন মাসের বেশি সময় ধরে শূন্য থাকলে প্রশাসনিক কার্যক্রম স্থগিত করার কথা।,"According to the legal procedure, if these posts remain vacant for more than three months, administrative activities should be suspended.","According to legal procedures, administrative activities are supposed to be stopped if these posts remain vacant for more than three months."
অনেকে বলেন যে হিন্দুরা বাংলাদেশে সংখ্যালঘু।,Many say that Hindus are a minority in Bangladesh.,Many say that the Hindus are minority in Bangladesh.
লন্ডনে বাংলাদেশের হাইকমিশনার সাঈদা মুনা তাসনিম বিমানবন্দরে প্রধানমন্ত্রীকে স্বাগত জানান।,High Commissioner of Bangladesh to London Saida Muna Tasneem welcomes the Prime Minister at the airport.,Bangladesh High Commissioner in London Saida Muna Tasneem received the prime minister at the airport.
এ বিষয়ে পররাষ্ট্র সচিব মো. শহীদুল হক সাংবাদিকদের ব্রিফ করেন।,Foreign Secretary Md Shahidul Haque briefed the journalists on the matter.,Foreign Secretary Md. Shahidul Haque briefed reporters about the matter.
"জার্মান রাষ্ট্রদূত পিটার ফারেনহোল্টজ বলেন, ""প্রতিবছর প্রচুর বাংলাদেশি শিক্ষার্থী ও গবেষকরা জার্মানিতে যাচ্ছেন।""","German Ambassador Peter Fahrenholtz said, ""Every year, a large number of Bangladeshi students and researchers are going to Germany.""","The German ambassador, Peter Fahrenholtz said, ""Every year a large number of Bangladeshi students and researchers are going to Germany."""
বিপুল পরিমাণ পাসপোর্ট ও নগদ টাকা জব্দ করা হয়েছে।,A large quantity of passports and cash has been seized.,A huge number of passports and cash money were seized.
চট্টগ্রাম সিটি করপোরেশন নির্বাচন বিষয়ে কোনো সিদ্ধান্ত হয়নি।,No decision has been made regarding the Chittagong City Corporation election.,No decision has been made on Chittagong City Corporation election.
ইডেন গার্ডেন স্টেডিয়ামে একটি সাংস্কৃতিক অনুষ্ঠানেও যোগ দেবেন প্রধানমন্ত্রী।,The Prime Minister will also attend a cultural event at Eden Gardens Stadium.,The prime minister will join a cultural function at the Eden Garden Stadium.
বৃহস্পতিবার সেনাবাহিনী সদর দপ্তরে নতুন পদোন্নতি প্রাপ্ত চার নারী অফিসারকে লেফটেন্যান্ট কর্নেল পদের র‌্যাংক ব্যাজ পরিয়ে দেন সেনাবাহিনী প্রধান জেনারেল আজিজ আহমেদ।,"On Thursday, the Army Chief General Aziz Ahmed awarded the rank badges of Lieutenant Colonel to four newly promoted women officers at the Army Headquarters.",Chief of Army Staff General Aziz Ahmed on Thursday gave the badge of Lieutenant Colonel rank to the newly promoted four women officers at the army headquarters.
"তিনি বলেন, দেশের ছোট ছোট নদী রক্ষার জন্য জরুরি পদক্ষেপ নিতে বলেছেন প্রধানমন্ত্রী।","He said, the Prime Minister has called for urgent measures to protect the country's small rivers.","The Prime Minister has instructed to take necessary steps for protecting small rivers in the country, he said."
বাংলাদেশে বিভিন্ন ধর্মের মানুষের সহাবস্থানের প্রশংসা করেন পোপ।,The Pope praises the coexistence of people of different religions in Bangladesh.,Pope appreciated the co-existence of people of different religions in Bangladesh.
পাশাপাশি বর্তমান সরকারের নতুন মেয়াদে নতুন কিছু প্রকল্প যোগ হবে এবং দেশ আরো উন্নতির দিকে এগিয়ে যেতে থাকবে।,"Alongside, in the new term of the current government, some new projects will be added and the country will continue to move forward towards more development.","Side by side, some new projects will be added during the tenure of the incumbent government and the country will achieve success."
এফআর টাওয়ার অগ্নিকাণ্ডে বনানী থানায় মামলা,Case filed with Banani police station over FR Tower fire.,Case filed over FR Tower fire at Banani Police Station
এছাড়া স্বরাষ্ট্রমন্ত্রী শিক্ষার্থীরা যেন মাদকে জড়িয়ে না পড়ে-সে বিষয়ে শিক্ষকদের নজর রাখার আহ্বান জানান।,"Apart from this, the Home Minister appealed to the teachers to keep an eye on the students so that they do not get involved in drugs.",The Minister also urged teachers to be cautious so that student do not get involved in drugs.
ভূমিমন্ত্রী সাইফুজ্জামান চৌধুরী জাবেদ নদীর দুই পাশের অবৈধ স্থাপনা উচ্ছেদ বিষয়ে কঠোর মনোভাব ব্যক্ত করেছেন।,The Land Minister Saifuzzaman Chowdhury Javed has expressed a tough stance on the removal of illegal structures on both sides of the Javed River.,Land Minister Saifuzzaman Chowdhury Javed expressed his stern action about the eviction of illegal structures on both sides of rivers.
বিদ্যমান শিক্ষা ব্যবস্থার মাধ্যমে ২০৪১ সালের স্বপ্নপূরণ অসম্ভব বলে জানিয়েছেন অর্থমন্ত্রী আ হ ম মুস্তফা কামাল।,Finance Minister AHM Mustafa Kamal has said that it is impossible to fulfill the dream of 2041 through the existing education system.,Finance minister AHM Mustafa Kamal has said that it is impossible to fulfill dream of 2041 through the existing education system.
"কুমার বলেন, শেখ হাসিনা গত বছরের অক্টোবরে দিল্লি সফরকালে মোদিকে 'মুজিবর্ষ' উদযাপনের উদ্বোধনী অনুষ্ঠানে অংশ নেয়ার আমন্ত্রণ জানান।","Kumar said, Sheikh Hasina invited Modi to attend the inaugural ceremony of 'Mujib Year' celebrations during her visit to Delhi last October.",Kumar said the invitation to Modi to attend the launch of the 'Mujib Borsho' celebration was extended by Sheikh Hasina during her visit to Delhi in October last year.
সশস্ত্র বাহিনীর সদস্যদের সর্বোচ্চ পেশাদারিত্ব নিশ্চিতের মাধ্যমে জাতীয় ও আন্তর্জাতিক পর্যায়ে তাদের ভাবমূর্তি সমুন্নত রাখার আহ্বান জানিয়েছেন রাষ্ট্রপতি আবদুল হামিদ।,President Abdul Hamid has called for upholding the image of the armed forces personnel at the national and international levels by ensuring their highest professionalism.,President Abdul Hamid urged the members of armed forces to uphold their image at national and international levels by ensuing utmost professionalism.
"তিনি বলেন, ""আমরা বর্তমানে ১১ লাখের বেশি রোহিঙ্গাকে আশ্রয় দিচ্ছি।""","He said, ""We are currently hosting more than 11 lakh Rohingyas.""","Speaking on the occasion, she said, ""we are currently hosting over 1.1 million Rohingyas."""
তিনি ২৪ সেপ্টেম্বর তার ভারতীয় সমকক্ষ নরেন্দ্র মোদির সঙ্গে এবং ২৮ সেপ্টেম্বর জাতিসংঘ মহাসচিব আন্তোনিও গুতেরেসের সঙ্গে দ্বিপাক্ষিক বৈঠক করবেন।,He will hold bilateral meetings with his Indian counterpart Narendra Modi on 24 September and with UN Secretary-General António Guterres on 28 September.,She will hold bilateral meetings with her Indian counterpart Narendra Modi on September 24 and UN Secretary General Antonio Guterres on September 28.
